Equipo,id_equipo
Arenal Emeve,1-2019-2020
CV Teruel,2-2019-2020
Manacor,3-2019-2020
CV Melilla,4-2019-2020
Rio Duero Soria,5-2019-2020
Grau,6-2019-2020
Unicaja Almeria,7-2019-2020
Voley Palma,8-2019-2020
Ibiza Voley,9-2019-2020
Vecindario Las Palmas,10-2019-2020
Voleibol Almoradi,11-2019-2020
Voley Textil Santanderina,12-2019-2020
